COUNTRY,INDICATOR,TYPE_OF_TRANSFORMATION,FREQUENCY,TIME_PERIOD,OBS_VALUE
JPN,XDC_USD,EOP_RT,M,1957-M01,360.799999998
JPN,XDC_USD,EOP_RT,M,1957-M02,360.799999998
JPN,XDC_USD,EOP_RT,M,1957-M03,360.799999998
JPN,XDC_USD,EOP_RT,M,1957-M04,360.799999998
JPN,XDC_USD,EOP_RT,M,1957-M05,360.799999998
JPN,XDC_USD,EOP_RT,M,1957-M06,360.799999998
JPN,XDC_USD,EOP_RT,M,1957-M07,360.799999998
JPN,XDC_USD,EOP_RT,M,1957-M08,360.799999998
JPN,XDC_USD,EOP_RT,M,1957-M09,360.799999998
JPN,XDC_USD,EOP_RT,M,1957-M10,360.799999998
JPN,XDC_USD,EOP_RT,M,1957-M11,360.799999998
JPN,XDC_USD,EOP_RT,M,1957-M12,359.659999999
JPN,XDC_USD,EOP_RT,M,1958-M01,360.799999998
JPN,XDC_USD,EOP_RT,M,1958-M02,360.799999998
JPN,XDC_USD,EOP_RT,M,1958-M03,360.799999998
JPN,XDC_USD,EOP_RT,M,1958-M04,360.799999998
JPN,XDC_USD,EOP_RT,M,1958-M05,360.799999998
JPN,XDC_USD,EOP_RT,M,1958-M06,360.799999998
JPN,XDC_USD,EOP_RT,M,1958-M07,360.799999998
JPN,XDC_USD,EOP_RT,M,1958-M08,360.799999998
JPN,XDC_USD,EOP_RT,M,1958-M09,360.799999998
JPN,XDC_USD,EOP_RT,M,1958-M10,360.799999998
JPN,XDC_USD,EOP_RT,M,1958-M11,360.799999998
JPN,XDC_USD,EOP_RT,M,1958-M12,359.699999999
JPN,XDC_USD,EOP_RT,M,1959-M01,360.799999998
JPN,XDC_USD,EOP_RT,M,1959-M02,360.799999998
JPN,XDC_USD,EOP_RT,M,1959-M03,360.799999998
JPN,XDC_USD,EOP_RT,M,1959-M04,360.799999998
JPN,XDC_USD,EOP_RT,M,1959-M05,360.799999998
JPN,XDC_USD,EOP_RT,M,1959-M06,360.799999998
JPN,XDC_USD,EOP_RT,M,1959-M07,360.799999998
JPN,XDC_USD,EOP_RT,M,1959-M08,360.799999998
JPN,XDC_USD,EOP_RT,M,1959-M09,358.649999999
JPN,XDC_USD,EOP_RT,M,1959-M10,358.199999999
JPN,XDC_USD,EOP_RT,M,1959-M11,358.199999999
JPN,XDC_USD,EOP_RT,M,1959-M12,359.199999999
JPN,XDC_USD,EOP_RT,M,1960-M01,361.769999999
JPN,XDC_USD,EOP_RT,M,1960-M02,361.769999999
JPN,XDC_USD,EOP_RT,M,1960-M03,358.219999998
JPN,XDC_USD,EOP_RT,M,1960-M04,361.769999999
JPN,XDC_USD,EOP_RT,M,1960-M05,361.249999999
JPN,XDC_USD,EOP_RT,M,1960-M06,360.499999999
JPN,XDC_USD,EOP_RT,M,1960-M07,358.209999999
JPN,XDC_USD,EOP_RT,M,1960-M08,358.199999999
JPN,XDC_USD,EOP_RT,M,1960-M09,358.199999999
JPN,XDC_USD,EOP_RT,M,1960-M10,358.229999999
JPN,XDC_USD,EOP_RT,M,1960-M11,359.999999999
JPN,XDC_USD,EOP_RT,M,1960-M12,358.219999998
JPN,XDC_USD,EOP_RT,M,1961-M01,358.249999999
JPN,XDC_USD,EOP_RT,M,1961-M02,358.199999999
JPN,XDC_USD,EOP_RT,M,1961-M03,358.199999999
JPN,XDC_USD,EOP_RT,M,1961-M04,361.749999999
JPN,XDC_USD,EOP_RT,M,1961-M05,361.769999999
JPN,XDC_USD,EOP_RT,M,1961-M06,361.729999999
JPN,XDC_USD,EOP_RT,M,1961-M07,361.769999999
JPN,XDC_USD,EOP_RT,M,1961-M08,361.769999999
JPN,XDC_USD,EOP_RT,M,1961-M09,361.769999999
JPN,XDC_USD,EOP_RT,M,1961-M10,361.769999999
JPN,XDC_USD,EOP_RT,M,1961-M11,361.759999998
JPN,XDC_USD,EOP_RT,M,1961-M12,361.769999999
JPN,XDC_USD,EOP_RT,M,1962-M01,361.769999999
JPN,XDC_USD,EOP_RT,M,1962-M02,361.769999999
JPN,XDC_USD,EOP_RT,M,1962-M03,360.999999999
JPN,XDC_USD,EOP_RT,M,1962-M04,361.769999999
JPN,XDC_USD,EOP_RT,M,1962-M05,361.649999999
JPN,XDC_USD,EOP_RT,M,1962-M06,361.749999999
JPN,XDC_USD,EOP_RT,M,1962-M07,361.769999999
JPN,XDC_USD,EOP_RT,M,1962-M08,361.099999998
JPN,XDC_USD,EOP_RT,M,1962-M09,358.349999999
JPN,XDC_USD,EOP_RT,M,1962-M10,358.399999999
JPN,XDC_USD,EOP_RT,M,1962-M11,358.399999999
JPN,XDC_USD,EOP_RT,M,1962-M12,358.199999999
JPN,XDC_USD,EOP_RT,M,1963-M01,358.599999999
JPN,XDC_USD,EOP_RT,M,1963-M02,358.399999999
JPN,XDC_USD,EOP_RT,M,1963-M03,358.849999999
JPN,XDC_USD,EOP_RT,M,1963-M04,361.599999998
JPN,XDC_USD,EOP_RT,M,1963-M05,362.349999998
JPN,XDC_USD,EOP_RT,M,1963-M06,362.399999999
JPN,XDC_USD,EOP_RT,M,1963-M07,362.529999999
JPN,XDC_USD,EOP_RT,M,1963-M08,362.159999999
JPN,XDC_USD,EOP_RT,M,1963-M09,362.019999999
JPN,XDC_USD,EOP_RT,M,1963-M10,362.249999999
JPN,XDC_USD,EOP_RT,M,1963-M11,362.499999999
JPN,XDC_USD,EOP_RT,M,1963-M12,361.949999999
JPN,XDC_USD,EOP_RT,M,1964-M01,362.439999999
JPN,XDC_USD,EOP_RT,M,1964-M02,362.539999999
JPN,XDC_USD,EOP_RT,M,1964-M03,361.899999999
JPN,XDC_USD,EOP_RT,M,1964-M04,362.519999999
JPN,XDC_USD,EOP_RT,M,1964-M05,362.519999999
JPN,XDC_USD,EOP_RT,M,1964-M06,362.559999999
JPN,XDC_USD,EOP_RT,M,1964-M07,362.539999999
JPN,XDC_USD,EOP_RT,M,1964-M08,362.469999998
JPN,XDC_USD,EOP_RT,M,1964-M09,360.699999999
JPN,XDC_USD,EOP_RT,M,1964-M10,362.189999999
JPN,XDC_USD,EOP_RT,M,1964-M11,360.709999999
JPN,XDC_USD,EOP_RT,M,1964-M12,358.299999998
JPN,XDC_USD,EOP_RT,M,1965-M01,358.929999998
JPN,XDC_USD,EOP_RT,M,1965-M02,360.199999999
JPN,XDC_USD,EOP_RT,M,1965-M03,360.949999999
JPN,XDC_USD,EOP_RT,M,1965-M04,362.549999998
JPN,XDC_USD,EOP_RT,M,1965-M05,362.059999999
JPN,XDC_USD,EOP_RT,M,1965-M06,362.049999998
JPN,XDC_USD,EOP_RT,M,1965-M07,362.199999999
JPN,XDC_USD,EOP_RT,M,1965-M08,362.329999999
JPN,XDC_USD,EOP_RT,M,1965-M09,362.289999999
JPN,XDC_USD,EOP_RT,M,1965-M10,362.099999998
JPN,XDC_USD,EOP_RT,M,1965-M11,361.189999999
JPN,XDC_USD,EOP_RT,M,1965-M12,360.899999999
JPN,XDC_USD,EOP_RT,M,1966-M01,361.249999999
JPN,XDC_USD,EOP_RT,M,1966-M02,361.719999998
JPN,XDC_USD,EOP_RT,M,1966-M03,362.069999999
JPN,XDC_USD,EOP_RT,M,1966-M04,362.499999999
JPN,XDC_USD,EOP_RT,M,1966-M05,362.349999998
JPN,XDC_USD,EOP_RT,M,1966-M06,362.499999999
JPN,XDC_USD,EOP_RT,M,1966-M07,362.519999999
JPN,XDC_USD,EOP_RT,M,1966-M08,362.569999999
JPN,XDC_USD,EOP_RT,M,1966-M09,362.449999999
JPN,XDC_USD,EOP_RT,M,1966-M10,362.529999999
JPN,XDC_USD,EOP_RT,M,1966-M11,362.569999999
JPN,XDC_USD,EOP_RT,M,1966-M12,362.469999998
JPN,XDC_USD,EOP_RT,M,1967-M01,362.619999999
JPN,XDC_USD,EOP_RT,M,1967-M02,362.369999999
JPN,XDC_USD,EOP_RT,M,1967-M03,361.839999998
JPN,XDC_USD,EOP_RT,M,1967-M04,361.869999999
JPN,XDC_USD,EOP_RT,M,1967-M05,361.959999999
JPN,XDC_USD,EOP_RT,M,1967-M06,361.934999999
JPN,XDC_USD,EOP_RT,M,1967-M07,362.139999998
JPN,XDC_USD,EOP_RT,M,1967-M08,362.209999999
JPN,XDC_USD,EOP_RT,M,1967-M09,361.699999999
JPN,XDC_USD,EOP_RT,M,1967-M10,361.959999999
JPN,XDC_USD,EOP_RT,M,1967-M11,362.099999998
JPN,XDC_USD,EOP_RT,M,1967-M12,361.909999999
JPN,XDC_USD,EOP_RT,M,1968-M01,362.059999999
JPN,XDC_USD,EOP_RT,M,1968-M02,361.879999998
JPN,XDC_USD,EOP_RT,M,1968-M03,361.999999999
JPN,XDC_USD,EOP_RT,M,1968-M04,362.319999999
JPN,XDC_USD,EOP_RT,M,1968-M05,361.999999999
JPN,XDC_USD,EOP_RT,M,1968-M06,361.499999999
JPN,XDC_USD,EOP_RT,M,1968-M07,359.949999999
JPN,XDC_USD,EOP_RT,M,1968-M08,359.389999998
JPN,XDC_USD,EOP_RT,M,1968-M09,358.849999999
JPN,XDC_USD,EOP_RT,M,1968-M10,358.099999999
JPN,XDC_USD,EOP_RT,M,1968-M11,357.799999998
JPN,XDC_USD,EOP_RT,M,1968-M12,357.699999999
JPN,XDC_USD,EOP_RT,M,1969-M01,357.859999999
JPN,XDC_USD,EOP_RT,M,1969-M02,357.769999999
JPN,XDC_USD,EOP_RT,M,1969-M03,357.899999999
JPN,XDC_USD,EOP_RT,M,1969-M04,358.199999999
JPN,XDC_USD,EOP_RT,M,1969-M05,358.549999998
JPN,XDC_USD,EOP_RT,M,1969-M06,358.969999998
JPN,XDC_USD,EOP_RT,M,1969-M07,359.749999999
JPN,XDC_USD,EOP_RT,M,1969-M08,359.199999999
JPN,XDC_USD,EOP_RT,M,1969-M09,357.649999999
JPN,XDC_USD,EOP_RT,M,1969-M10,357.719999998
JPN,XDC_USD,EOP_RT,M,1969-M11,357.749999999
JPN,XDC_USD,EOP_RT,M,1969-M12,357.799999998
JPN,XDC_USD,EOP_RT,M,1970-M01,357.679999998
JPN,XDC_USD,EOP_RT,M,1970-M02,357.559999999
JPN,XDC_USD,EOP_RT,M,1970-M03,357.529999999
JPN,XDC_USD,EOP_RT,M,1970-M04,358.449999999
JPN,XDC_USD,EOP_RT,M,1970-M05,358.899999999
JPN,XDC_USD,EOP_RT,M,1970-M06,358.699999999
JPN,XDC_USD,EOP_RT,M,1970-M07,358.699999999
JPN,XDC_USD,EOP_RT,M,1970-M08,358.209999999
JPN,XDC_USD,EOP_RT,M,1970-M09,357.899999999
JPN,XDC_USD,EOP_RT,M,1970-M10,357.609999999
JPN,XDC_USD,EOP_RT,M,1970-M11,357.589999998
JPN,XDC_USD,EOP_RT,M,1970-M12,357.649999999
JPN,XDC_USD,EOP_RT,M,1971-M01,357.549999998
JPN,XDC_USD,EOP_RT,M,1971-M02,357.399999999
JPN,XDC_USD,EOP_RT,M,1971-M03,357.389999998
JPN,XDC_USD,EOP_RT,M,1971-M04,357.389999998
JPN,XDC_USD,EOP_RT,M,1971-M05,357.369999999
JPN,XDC_USD,EOP_RT,M,1971-M06,357.369999999
JPN,XDC_USD,EOP_RT,M,1971-M07,357.369999999
JPN,XDC_USD,EOP_RT,M,1971-M08,338.999999999
JPN,XDC_USD,EOP_RT,M,1971-M09,334.209999999
JPN,XDC_USD,EOP_RT,M,1971-M10,329.299999998
JPN,XDC_USD,EOP_RT,M,1971-M11,327.649999999
JPN,XDC_USD,EOP_RT,M,1971-M12,314.799999998
JPN,XDC_USD,EOP_RT,M,1972-M01,310.449999999
JPN,XDC_USD,EOP_RT,M,1972-M02,304.199999999
JPN,XDC_USD,EOP_RT,M,1972-M03,304.199999999
JPN,XDC_USD,EOP_RT,M,1972-M04,304.799999998
JPN,XDC_USD,EOP_RT,M,1972-M05,304.549999998
JPN,XDC_USD,EOP_RT,M,1972-M06,301.099999999
JPN,XDC_USD,EOP_RT,M,1972-M07,301.099999999
JPN,XDC_USD,EOP_RT,M,1972-M08,301.099999999
JPN,XDC_USD,EOP_RT,M,1972-M09,301.099999999
JPN,XDC_USD,EOP_RT,M,1972-M10,301.099999999
JPN,XDC_USD,EOP_RT,M,1972-M11,301.099999999
JPN,XDC_USD,EOP_RT,M,1972-M12,301.999999999
JPN,XDC_USD,EOP_RT,M,1973-M01,301.149999999
JPN,XDC_USD,EOP_RT,M,1973-M02,269.999999999
JPN,XDC_USD,EOP_RT,M,1973-M03,265.829999999
JPN,XDC_USD,EOP_RT,M,1973-M04,265.499999999
JPN,XDC_USD,EOP_RT,M,1973-M05,264.949999999
JPN,XDC_USD,EOP_RT,M,1973-M06,265.299999999
JPN,XDC_USD,EOP_RT,M,1973-M07,263.449999999
JPN,XDC_USD,EOP_RT,M,1973-M08,265.299999999
JPN,XDC_USD,EOP_RT,M,1973-M09,265.699999999
JPN,XDC_USD,EOP_RT,M,1973-M10,266.829999999
JPN,XDC_USD,EOP_RT,M,1973-M11,279.999999999
JPN,XDC_USD,EOP_RT,M,1973-M12,279.999999999
JPN,XDC_USD,EOP_RT,M,1974-M01,298.999999999
JPN,XDC_USD,EOP_RT,M,1974-M02,287.599999999
JPN,XDC_USD,EOP_RT,M,1974-M03,275.999999999
JPN,XDC_USD,EOP_RT,M,1974-M04,279.749999999
JPN,XDC_USD,EOP_RT,M,1974-M05,281.899999999
JPN,XDC_USD,EOP_RT,M,1974-M06,284.099999999
JPN,XDC_USD,EOP_RT,M,1974-M07,297.799999998
JPN,XDC_USD,EOP_RT,M,1974-M08,302.699999999
JPN,XDC_USD,EOP_RT,M,1974-M09,298.499999999
JPN,XDC_USD,EOP_RT,M,1974-M10,299.849999999
JPN,XDC_USD,EOP_RT,M,1974-M11,300.099999999
JPN,XDC_USD,EOP_RT,M,1974-M12,300.949999999
JPN,XDC_USD,EOP_RT,M,1975-M01,297.849999999
JPN,XDC_USD,EOP_RT,M,1975-M02,286.599999999
JPN,XDC_USD,EOP_RT,M,1975-M03,293.799999998
JPN,XDC_USD,EOP_RT,M,1975-M04,293.299999998
JPN,XDC_USD,EOP_RT,M,1975-M05,291.349999999
JPN,XDC_USD,EOP_RT,M,1975-M06,296.349999999
JPN,XDC_USD,EOP_RT,M,1975-M07,297.349999999
JPN,XDC_USD,EOP_RT,M,1975-M08,297.899999999
JPN,XDC_USD,EOP_RT,M,1975-M09,302.699999999
JPN,XDC_USD,EOP_RT,M,1975-M10,301.799999998
JPN,XDC_USD,EOP_RT,M,1975-M11,302.999999999
JPN,XDC_USD,EOP_RT,M,1975-M12,305.149999999
JPN,XDC_USD,EOP_RT,M,1976-M01,303.699999999
JPN,XDC_USD,EOP_RT,M,1976-M02,302.249999999
JPN,XDC_USD,EOP_RT,M,1976-M03,299.699999999
JPN,XDC_USD,EOP_RT,M,1976-M04,299.399999999
JPN,XDC_USD,EOP_RT,M,1976-M05,299.949999999
JPN,XDC_USD,EOP_RT,M,1976-M06,297.399999999
JPN,XDC_USD,EOP_RT,M,1976-M07,293.399999999
JPN,XDC_USD,EOP_RT,M,1976-M08,288.749999999
JPN,XDC_USD,EOP_RT,M,1976-M09,287.449999999
JPN,XDC_USD,EOP_RT,M,1976-M10,293.699999999
JPN,XDC_USD,EOP_RT,M,1976-M11,295.749999999
JPN,XDC_USD,EOP_RT,M,1976-M12,292.799999998
JPN,XDC_USD,EOP_RT,M,1977-M01,289.299999998
JPN,XDC_USD,EOP_RT,M,1977-M02,282.699999999
JPN,XDC_USD,EOP_RT,M,1977-M03,277.499999999
JPN,XDC_USD,EOP_RT,M,1977-M04,277.699999999
JPN,XDC_USD,EOP_RT,M,1977-M05,277.299999999
JPN,XDC_USD,EOP_RT,M,1977-M06,267.699999999
JPN,XDC_USD,EOP_RT,M,1977-M07,265.999999999
JPN,XDC_USD,EOP_RT,M,1977-M08,267.299999999
JPN,XDC_USD,EOP_RT,M,1977-M09,265.449999999
JPN,XDC_USD,EOP_RT,M,1977-M10,250.599999999
JPN,XDC_USD,EOP_RT,M,1977-M11,245.699999999
JPN,XDC_USD,EOP_RT,M,1977-M12,239.999999999
JPN,XDC_USD,EOP_RT,M,1978-M01,241.399999999
JPN,XDC_USD,EOP_RT,M,1978-M02,238.699999999
JPN,XDC_USD,EOP_RT,M,1978-M03,222.399999999
JPN,XDC_USD,EOP_RT,M,1978-M04,222.899999999
JPN,XDC_USD,EOP_RT,M,1978-M05,223.399999999
JPN,XDC_USD,EOP_RT,M,1978-M06,204.699999999
JPN,XDC_USD,EOP_RT,M,1978-M07,190.699999999
JPN,XDC_USD,EOP_RT,M,1978-M08,190.199999999
JPN,XDC_USD,EOP_RT,M,1978-M09,189.149999999
JPN,XDC_USD,EOP_RT,M,1978-M10,176
JPN,XDC_USD,EOP_RT,M,1978-M11,197.5
JPN,XDC_USD,EOP_RT,M,1978-M12,194.599999999
JPN,XDC_USD,EOP_RT,M,1979-M01,201.299999999
JPN,XDC_USD,EOP_RT,M,1979-M02,202.199999999
JPN,XDC_USD,EOP_RT,M,1979-M03,209.299999999
JPN,XDC_USD,EOP_RT,M,1979-M04,218.499999999
JPN,XDC_USD,EOP_RT,M,1979-M05,219.799999999
JPN,XDC_USD,EOP_RT,M,1979-M06,216.999999999
JPN,XDC_USD,EOP_RT,M,1979-M07,217.199999999
JPN,XDC_USD,EOP_RT,M,1979-M08,219.999999999
JPN,XDC_USD,EOP_RT,M,1979-M09,223.299999999
JPN,XDC_USD,EOP_RT,M,1979-M10,237.699999999
JPN,XDC_USD,EOP_RT,M,1979-M11,248.799999999
JPN,XDC_USD,EOP_RT,M,1979-M12,239.699999999
JPN,XDC_USD,EOP_RT,M,1980-M01,238.799999999
JPN,XDC_USD,EOP_RT,M,1980-M02,249.799999999
JPN,XDC_USD,EOP_RT,M,1980-M03,249.699999999
JPN,XDC_USD,EOP_RT,M,1980-M04,238.999999999
JPN,XDC_USD,EOP_RT,M,1980-M05,224.299999999
JPN,XDC_USD,EOP_RT,M,1980-M06,217.599999999
JPN,XDC_USD,EOP_RT,M,1980-M07,226.999999999
JPN,XDC_USD,EOP_RT,M,1980-M08,218.999999999
JPN,XDC_USD,EOP_RT,M,1980-M09,212.199999999
JPN,XDC_USD,EOP_RT,M,1980-M10,211.499999999
JPN,XDC_USD,EOP_RT,M,1980-M11,216.699999999
JPN,XDC_USD,EOP_RT,M,1980-M12,202.999999999
JPN,XDC_USD,EOP_RT,M,1981-M01,204.699999999
JPN,XDC_USD,EOP_RT,M,1981-M02,208.799999999
JPN,XDC_USD,EOP_RT,M,1981-M03,210.999999999
JPN,XDC_USD,EOP_RT,M,1981-M04,214.999999999
JPN,XDC_USD,EOP_RT,M,1981-M05,224.099999999
JPN,XDC_USD,EOP_RT,M,1981-M06,225.799999999
JPN,XDC_USD,EOP_RT,M,1981-M07,239.449999999
JPN,XDC_USD,EOP_RT,M,1981-M08,227.999999999
JPN,XDC_USD,EOP_RT,M,1981-M09,232.699999999
JPN,XDC_USD,EOP_RT,M,1981-M10,233.799999999
JPN,XDC_USD,EOP_RT,M,1981-M11,214.299999999
JPN,XDC_USD,EOP_RT,M,1981-M12,219.899999999
JPN,XDC_USD,EOP_RT,M,1982-M01,230.499999999
JPN,XDC_USD,EOP_RT,M,1982-M02,236.999999999
JPN,XDC_USD,EOP_RT,M,1982-M03,246.499999999
JPN,XDC_USD,EOP_RT,M,1982-M04,235.099999999
JPN,XDC_USD,EOP_RT,M,1982-M05,243.5
JPN,XDC_USD,EOP_RT,M,1982-M06,253.999999999
JPN,XDC_USD,EOP_RT,M,1982-M07,257.499999999
JPN,XDC_USD,EOP_RT,M,1982-M08,261.699999999
JPN,XDC_USD,EOP_RT,M,1982-M09,269.499999999
JPN,XDC_USD,EOP_RT,M,1982-M10,277.299999999
JPN,XDC_USD,EOP_RT,M,1982-M11,253.099999999
JPN,XDC_USD,EOP_RT,M,1982-M12,234.999999999
JPN,XDC_USD,EOP_RT,M,1983-M01,237.899999999
JPN,XDC_USD,EOP_RT,M,1983-M02,235.449999999
JPN,XDC_USD,EOP_RT,M,1983-M03,239.399999999
JPN,XDC_USD,EOP_RT,M,1983-M04,236.999999999
JPN,XDC_USD,EOP_RT,M,1983-M05,238.299999999
JPN,XDC_USD,EOP_RT,M,1983-M06,239.699999999
JPN,XDC_USD,EOP_RT,M,1983-M07,241.699999999
JPN,XDC_USD,EOP_RT,M,1983-M08,246.599999999
JPN,XDC_USD,EOP_RT,M,1983-M09,236.099999999
JPN,XDC_USD,EOP_RT,M,1983-M10,233.649999999
JPN,XDC_USD,EOP_RT,M,1983-M11,233.999999999
JPN,XDC_USD,EOP_RT,M,1983-M12,232.199999999
JPN,XDC_USD,EOP_RT,M,1984-M01,234.749999999
JPN,XDC_USD,EOP_RT,M,1984-M02,233.499999999
JPN,XDC_USD,EOP_RT,M,1984-M03,224.699999999
JPN,XDC_USD,EOP_RT,M,1984-M04,225.949999999
JPN,XDC_USD,EOP_RT,M,1984-M05,231.499999999
JPN,XDC_USD,EOP_RT,M,1984-M06,237.5
JPN,XDC_USD,EOP_RT,M,1984-M07,245.5
JPN,XDC_USD,EOP_RT,M,1984-M08,241.3
JPN,XDC_USD,EOP_RT,M,1984-M09,245.5
JPN,XDC_USD,EOP_RT,M,1984-M10,245.25
JPN,XDC_USD,EOP_RT,M,1984-M11,246.3
JPN,XDC_USD,EOP_RT,M,1984-M12,251.1
JPN,XDC_USD,EOP_RT,M,1985-M01,254.65
JPN,XDC_USD,EOP_RT,M,1985-M02,259.5
JPN,XDC_USD,EOP_RT,M,1985-M03,252.5
JPN,XDC_USD,EOP_RT,M,1985-M04,252.25
JPN,XDC_USD,EOP_RT,M,1985-M05,251.85
JPN,XDC_USD,EOP_RT,M,1985-M06,248.95
JPN,XDC_USD,EOP_RT,M,1985-M07,236.65
JPN,XDC_USD,EOP_RT,M,1985-M08,237.25
JPN,XDC_USD,EOP_RT,M,1985-M09,217
JPN,XDC_USD,EOP_RT,M,1985-M10,211.5
JPN,XDC_USD,EOP_RT,M,1985-M11,202
JPN,XDC_USD,EOP_RT,M,1985-M12,200.5
JPN,XDC_USD,EOP_RT,M,1986-M01,191.799999999
JPN,XDC_USD,EOP_RT,M,1986-M02,179.7
JPN,XDC_USD,EOP_RT,M,1986-M03,179.6
JPN,XDC_USD,EOP_RT,M,1986-M04,168.299999999
JPN,XDC_USD,EOP_RT,M,1986-M05,171.799999999
JPN,XDC_USD,EOP_RT,M,1986-M06,165
JPN,XDC_USD,EOP_RT,M,1986-M07,154.3
JPN,XDC_USD,EOP_RT,M,1986-M08,156.1
JPN,XDC_USD,EOP_RT,M,1986-M09,153.6
JPN,XDC_USD,EOP_RT,M,1986-M10,161.5
JPN,XDC_USD,EOP_RT,M,1986-M11,162.4
JPN,XDC_USD,EOP_RT,M,1986-M12,159.1
JPN,XDC_USD,EOP_RT,M,1987-M01,152.5
JPN,XDC_USD,EOP_RT,M,1987-M02,153.05
JPN,XDC_USD,EOP_RT,M,1987-M03,145.8
JPN,XDC_USD,EOP_RT,M,1987-M04,139.5
JPN,XDC_USD,EOP_RT,M,1987-M05,144
JPN,XDC_USD,EOP_RT,M,1987-M06,147
JPN,XDC_USD,EOP_RT,M,1987-M07,149.3
JPN,XDC_USD,EOP_RT,M,1987-M08,142.4
JPN,XDC_USD,EOP_RT,M,1987-M09,146.35
JPN,XDC_USD,EOP_RT,M,1987-M10,138.6
JPN,XDC_USD,EOP_RT,M,1987-M11,132.55
JPN,XDC_USD,EOP_RT,M,1987-M12,123.5
JPN,XDC_USD,EOP_RT,M,1988-M01,127.2
JPN,XDC_USD,EOP_RT,M,1988-M02,128
JPN,XDC_USD,EOP_RT,M,1988-M03,125.4
JPN,XDC_USD,EOP_RT,M,1988-M04,124.85
JPN,XDC_USD,EOP_RT,M,1988-M05,125.25
JPN,XDC_USD,EOP_RT,M,1988-M06,132.4
JPN,XDC_USD,EOP_RT,M,1988-M07,132.55
JPN,XDC_USD,EOP_RT,M,1988-M08,135
JPN,XDC_USD,EOP_RT,M,1988-M09,134.55
JPN,XDC_USD,EOP_RT,M,1988-M10,125.75
JPN,XDC_USD,EOP_RT,M,1988-M11,121.75
JPN,XDC_USD,EOP_RT,M,1988-M12,125.85
JPN,XDC_USD,EOP_RT,M,1989-M01,129.15
JPN,XDC_USD,EOP_RT,M,1989-M02,127
JPN,XDC_USD,EOP_RT,M,1989-M03,132.05
JPN,XDC_USD,EOP_RT,M,1989-M04,132.45
JPN,XDC_USD,EOP_RT,M,1989-M05,142.7
JPN,XDC_USD,EOP_RT,M,1989-M06,144.1
JPN,XDC_USD,EOP_RT,M,1989-M07,138.35
JPN,XDC_USD,EOP_RT,M,1989-M08,144.3
JPN,XDC_USD,EOP_RT,M,1989-M09,139.3
JPN,XDC_USD,EOP_RT,M,1989-M10,142.3
JPN,XDC_USD,EOP_RT,M,1989-M11,142.95
JPN,XDC_USD,EOP_RT,M,1989-M12,143.45
JPN,XDC_USD,EOP_RT,M,1990-M01,144.15
JPN,XDC_USD,EOP_RT,M,1990-M02,148.4
JPN,XDC_USD,EOP_RT,M,1990-M03,157.2
JPN,XDC_USD,EOP_RT,M,1990-M04,159.35
JPN,XDC_USD,EOP_RT,M,1990-M05,151.7
JPN,XDC_USD,EOP_RT,M,1990-M06,152.9
JPN,XDC_USD,EOP_RT,M,1990-M07,147.35
JPN,XDC_USD,EOP_RT,M,1990-M08,144.25
JPN,XDC_USD,EOP_RT,M,1990-M09,137.8
JPN,XDC_USD,EOP_RT,M,1990-M10,129.35
JPN,XDC_USD,EOP_RT,M,1990-M11,133.35
JPN,XDC_USD,EOP_RT,M,1990-M12,134.4
JPN,XDC_USD,EOP_RT,M,1991-M01,131.2
JPN,XDC_USD,EOP_RT,M,1991-M02,132
JPN,XDC_USD,EOP_RT,M,1991-M03,141
JPN,XDC_USD,EOP_RT,M,1991-M04,137.4
JPN,XDC_USD,EOP_RT,M,1991-M05,137.9
JPN,XDC_USD,EOP_RT,M,1991-M06,137.9
JPN,XDC_USD,EOP_RT,M,1991-M07,137.8
JPN,XDC_USD,EOP_RT,M,1991-M08,137.15
JPN,XDC_USD,EOP_RT,M,1991-M09,132.85
JPN,XDC_USD,EOP_RT,M,1991-M10,130.9
JPN,XDC_USD,EOP_RT,M,1991-M11,130.05
JPN,XDC_USD,EOP_RT,M,1991-M12,125.2
JPN,XDC_USD,EOP_RT,M,1992-M01,125.75
JPN,XDC_USD,EOP_RT,M,1992-M02,129.28
JPN,XDC_USD,EOP_RT,M,1992-M03,133.2
JPN,XDC_USD,EOP_RT,M,1992-M04,133.5
JPN,XDC_USD,EOP_RT,M,1992-M05,128.25
JPN,XDC_USD,EOP_RT,M,1992-M06,125.5
JPN,XDC_USD,EOP_RT,M,1992-M07,127.2
JPN,XDC_USD,EOP_RT,M,1992-M08,122.9
JPN,XDC_USD,EOP_RT,M,1992-M09,119.2
JPN,XDC_USD,EOP_RT,M,1992-M10,123.2
JPN,XDC_USD,EOP_RT,M,1992-M11,124.7
JPN,XDC_USD,EOP_RT,M,1992-M12,124.75
JPN,XDC_USD,EOP_RT,M,1993-M01,124.6
JPN,XDC_USD,EOP_RT,M,1993-M02,117.7
JPN,XDC_USD,EOP_RT,M,1993-M03,116.35
JPN,XDC_USD,EOP_RT,M,1993-M04,111.15
JPN,XDC_USD,EOP_RT,M,1993-M05,106.497
JPN,XDC_USD,EOP_RT,M,1993-M06,106.75
JPN,XDC_USD,EOP_RT,M,1993-M07,105.9
JPN,XDC_USD,EOP_RT,M,1993-M08,104.2
JPN,XDC_USD,EOP_RT,M,1993-M09,105.15
JPN,XDC_USD,EOP_RT,M,1993-M10,108.2
JPN,XDC_USD,EOP_RT,M,1993-M11,108.95
JPN,XDC_USD,EOP_RT,M,1993-M12,111.85
JPN,XDC_USD,EOP_RT,M,1994-M01,109.9
JPN,XDC_USD,EOP_RT,M,1994-M02,104.15
JPN,XDC_USD,EOP_RT,M,1994-M03,103.15
JPN,XDC_USD,EOP_RT,M,1994-M04,102.5
JPN,XDC_USD,EOP_RT,M,1994-M05,104.47
JPN,XDC_USD,EOP_RT,M,1994-M06,99.05
JPN,XDC_USD,EOP_RT,M,1994-M07,99.75
JPN,XDC_USD,EOP_RT,M,1994-M08,99.55
JPN,XDC_USD,EOP_RT,M,1994-M09,98.45
JPN,XDC_USD,EOP_RT,M,1994-M10,97.38
JPN,XDC_USD,EOP_RT,M,1994-M11,98.92
JPN,XDC_USD,EOP_RT,M,1994-M12,99.74
JPN,XDC_USD,EOP_RT,M,1995-M01,98.55
JPN,XDC_USD,EOP_RT,M,1995-M02,97.05
JPN,XDC_USD,EOP_RT,M,1995-M03,89.35
JPN,XDC_USD,EOP_RT,M,1995-M04,83.75
JPN,XDC_USD,EOP_RT,M,1995-M05,83.2
JPN,XDC_USD,EOP_RT,M,1995-M06,84.6
JPN,XDC_USD,EOP_RT,M,1995-M07,88.43
JPN,XDC_USD,EOP_RT,M,1995-M08,99.1
JPN,XDC_USD,EOP_RT,M,1995-M09,98.3
JPN,XDC_USD,EOP_RT,M,1995-M10,101.7
JPN,XDC_USD,EOP_RT,M,1995-M11,101.55
JPN,XDC_USD,EOP_RT,M,1995-M12,102.83
JPN,XDC_USD,EOP_RT,M,1996-M01,107.25
JPN,XDC_USD,EOP_RT,M,1996-M02,104.7
JPN,XDC_USD,EOP_RT,M,1996-M03,106.28
JPN,XDC_USD,EOP_RT,M,1996-M04,104.8
JPN,XDC_USD,EOP_RT,M,1996-M05,108.2
JPN,XDC_USD,EOP_RT,M,1996-M06,109.42
JPN,XDC_USD,EOP_RT,M,1996-M07,107.92
JPN,XDC_USD,EOP_RT,M,1996-M08,108.44
JPN,XDC_USD,EOP_RT,M,1996-M09,110.97
JPN,XDC_USD,EOP_RT,M,1996-M10,113.8
JPN,XDC_USD,EOP_RT,M,1996-M11,113.77
JPN,XDC_USD,EOP_RT,M,1996-M12,116
JPN,XDC_USD,EOP_RT,M,1997-M01,122
JPN,XDC_USD,EOP_RT,M,1997-M02,120.78
JPN,XDC_USD,EOP_RT,M,1997-M03,124.05
JPN,XDC_USD,EOP_RT,M,1997-M04,126.85
JPN,XDC_USD,EOP_RT,M,1997-M05,116.45
JPN,XDC_USD,EOP_RT,M,1997-M06,114.4
JPN,XDC_USD,EOP_RT,M,1997-M07,118.25
JPN,XDC_USD,EOP_RT,M,1997-M08,119.35
JPN,XDC_USD,EOP_RT,M,1997-M09,121
JPN,XDC_USD,EOP_RT,M,1997-M10,119.95
JPN,XDC_USD,EOP_RT,M,1997-M11,127.55
JPN,XDC_USD,EOP_RT,M,1997-M12,129.95
JPN,XDC_USD,EOP_RT,M,1998-M01,126.9
JPN,XDC_USD,EOP_RT,M,1998-M02,127.25
JPN,XDC_USD,EOP_RT,M,1998-M03,132.05
JPN,XDC_USD,EOP_RT,M,1998-M04,132.3
JPN,XDC_USD,EOP_RT,M,1998-M05,139.05
JPN,XDC_USD,EOP_RT,M,1998-M06,140.85001
JPN,XDC_USD,EOP_RT,M,1998-M07,143.7
JPN,XDC_USD,EOP_RT,M,1998-M08,141.46001
JPN,XDC_USD,EOP_RT,M,1998-M09,135.25
JPN,XDC_USD,EOP_RT,M,1998-M10,116.4
JPN,XDC_USD,EOP_RT,M,1998-M11,123.65
JPN,XDC_USD,EOP_RT,M,1998-M12,115.6
JPN,XDC_USD,EOP_RT,M,1999-M01,116.2
JPN,XDC_USD,EOP_RT,M,1999-M02,119.4
JPN,XDC_USD,EOP_RT,M,1999-M03,120.4
JPN,XDC_USD,EOP_RT,M,1999-M04,119.33
JPN,XDC_USD,EOP_RT,M,1999-M05,121.42
JPN,XDC_USD,EOP_RT,M,1999-M06,121.1
JPN,XDC_USD,EOP_RT,M,1999-M07,115.2
JPN,XDC_USD,EOP_RT,M,1999-M08,110.82
JPN,XDC_USD,EOP_RT,M,1999-M09,106.85
JPN,XDC_USD,EOP_RT,M,1999-M10,104.85
JPN,XDC_USD,EOP_RT,M,1999-M11,102.5
JPN,XDC_USD,EOP_RT,M,1999-M12,102.2
JPN,XDC_USD,EOP_RT,M,2000-M01,106.85
JPN,XDC_USD,EOP_RT,M,2000-M02,110.18
JPN,XDC_USD,EOP_RT,M,2000-M03,105.85
JPN,XDC_USD,EOP_RT,M,2000-M04,106.55
JPN,XDC_USD,EOP_RT,M,2000-M05,106.65
JPN,XDC_USD,EOP_RT,M,2000-M06,105.4
JPN,XDC_USD,EOP_RT,M,2000-M07,109.5
JPN,XDC_USD,EOP_RT,M,2000-M08,106.4
JPN,XDC_USD,EOP_RT,M,2000-M09,107.85
JPN,XDC_USD,EOP_RT,M,2000-M10,109.05
JPN,XDC_USD,EOP_RT,M,2000-M11,111.17
JPN,XDC_USD,EOP_RT,M,2000-M12,114.9
JPN,XDC_USD,EOP_RT,M,2001-M01,116.15
JPN,XDC_USD,EOP_RT,M,2001-M02,116.4
JPN,XDC_USD,EOP_RT,M,2001-M03,124.6
JPN,XDC_USD,EOP_RT,M,2001-M04,123.45
JPN,XDC_USD,EOP_RT,M,2001-M05,119.2
JPN,XDC_USD,EOP_RT,M,2001-M06,124.05
JPN,XDC_USD,EOP_RT,M,2001-M07,124.8
JPN,XDC_USD,EOP_RT,M,2001-M08,118.95
JPN,XDC_USD,EOP_RT,M,2001-M09,119.3
JPN,XDC_USD,EOP_RT,M,2001-M10,121.82
JPN,XDC_USD,EOP_RT,M,2001-M11,123.95
JPN,XDC_USD,EOP_RT,M,2001-M12,131.8
JPN,XDC_USD,EOP_RT,M,2002-M01,132.9
JPN,XDC_USD,EOP_RT,M,2002-M02,133.9
JPN,XDC_USD,EOP_RT,M,2002-M03,133.2
JPN,XDC_USD,EOP_RT,M,2002-M04,128
JPN,XDC_USD,EOP_RT,M,2002-M05,124.4
JPN,XDC_USD,EOP_RT,M,2002-M06,119.45
JPN,XDC_USD,EOP_RT,M,2002-M07,119.85
JPN,XDC_USD,EOP_RT,M,2002-M08,117.95
JPN,XDC_USD,EOP_RT,M,2002-M09,121.55
JPN,XDC_USD,EOP_RT,M,2002-M10,122.45
JPN,XDC_USD,EOP_RT,M,2002-M11,122.3
JPN,XDC_USD,EOP_RT,M,2002-M12,119.9
JPN,XDC_USD,EOP_RT,M,2003-M01,118.95
JPN,XDC_USD,EOP_RT,M,2003-M02,117.75
JPN,XDC_USD,EOP_RT,M,2003-M03,120.15
JPN,XDC_USD,EOP_RT,M,2003-M04,119.6
JPN,XDC_USD,EOP_RT,M,2003-M05,118.35
JPN,XDC_USD,EOP_RT,M,2003-M06,119.85
JPN,XDC_USD,EOP_RT,M,2003-M07,120.1
JPN,XDC_USD,EOP_RT,M,2003-M08,117.05
JPN,XDC_USD,EOP_RT,M,2003-M09,111.2
JPN,XDC_USD,EOP_RT,M,2003-M10,108.76
JPN,XDC_USD,EOP_RT,M,2003-M11,109.5
JPN,XDC_USD,EOP_RT,M,2003-M12,107.1
JPN,XDC_USD,EOP_RT,M,2004-M01,105.97
JPN,XDC_USD,EOP_RT,M,2004-M02,109
JPN,XDC_USD,EOP_RT,M,2004-M03,104.3
JPN,XDC_USD,EOP_RT,M,2004-M04,110.2
JPN,XDC_USD,EOP_RT,M,2004-M05,110.5
JPN,XDC_USD,EOP_RT,M,2004-M06,108.38
JPN,XDC_USD,EOP_RT,M,2004-M07,112.08
JPN,XDC_USD,EOP_RT,M,2004-M08,109.65
JPN,XDC_USD,EOP_RT,M,2004-M09,111
JPN,XDC_USD,EOP_RT,M,2004-M10,106.13
JPN,XDC_USD,EOP_RT,M,2004-M11,103.18
JPN,XDC_USD,EOP_RT,M,2004-M12,104.12
JPN,XDC_USD,EOP_RT,M,2005-M01,104
JPN,XDC_USD,EOP_RT,M,2005-M02,104.73
JPN,XDC_USD,EOP_RT,M,2005-M03,107.35
JPN,XDC_USD,EOP_RT,M,2005-M04,105.89
JPN,XDC_USD,EOP_RT,M,2005-M05,108.08
JPN,XDC_USD,EOP_RT,M,2005-M06,110.4
JPN,XDC_USD,EOP_RT,M,2005-M07,112.22
JPN,XDC_USD,EOP_RT,M,2005-M08,111.3
JPN,XDC_USD,EOP_RT,M,2005-M09,113.15
JPN,XDC_USD,EOP_RT,M,2005-M10,115.7
JPN,XDC_USD,EOP_RT,M,2005-M11,119.63
JPN,XDC_USD,EOP_RT,M,2005-M12,117.97
JPN,XDC_USD,EOP_RT,M,2006-M01,117.71
JPN,XDC_USD,EOP_RT,M,2006-M02,116.25
JPN,XDC_USD,EOP_RT,M,2006-M03,117.4
JPN,XDC_USD,EOP_RT,M,2006-M04,114.3
JPN,XDC_USD,EOP_RT,M,2006-M05,112.24
JPN,XDC_USD,EOP_RT,M,2006-M06,114.95
JPN,XDC_USD,EOP_RT,M,2006-M07,114.8
JPN,XDC_USD,EOP_RT,M,2006-M08,117.32
JPN,XDC_USD,EOP_RT,M,2006-M09,117.8
JPN,XDC_USD,EOP_RT,M,2006-M10,117.65
JPN,XDC_USD,EOP_RT,M,2006-M11,116.4
JPN,XDC_USD,EOP_RT,M,2006-M12,118.95
JPN,XDC_USD,EOP_RT,M,2007-M01,121.68
JPN,XDC_USD,EOP_RT,M,2007-M02,118.48
JPN,XDC_USD,EOP_RT,M,2007-M03,117.65
JPN,XDC_USD,EOP_RT,M,2007-M04,119.6
JPN,XDC_USD,EOP_RT,M,2007-M05,121.62
JPN,XDC_USD,EOP_RT,M,2007-M06,123.23
JPN,XDC_USD,EOP_RT,M,2007-M07,118.95
JPN,XDC_USD,EOP_RT,M,2007-M08,116.2
JPN,XDC_USD,EOP_RT,M,2007-M09,115.05
JPN,XDC_USD,EOP_RT,M,2007-M10,114.75
JPN,XDC_USD,EOP_RT,M,2007-M11,110.3
JPN,XDC_USD,EOP_RT,M,2007-M12,114
JPN,XDC_USD,EOP_RT,M,2008-M01,106.36
JPN,XDC_USD,EOP_RT,M,2008-M02,104.73
JPN,XDC_USD,EOP_RT,M,2008-M03,100.1
JPN,XDC_USD,EOP_RT,M,2008-M04,104.08
JPN,XDC_USD,EOP_RT,M,2008-M05,105.66
JPN,XDC_USD,EOP_RT,M,2008-M06,106.4
JPN,XDC_USD,EOP_RT,M,2008-M07,107.99
JPN,XDC_USD,EOP_RT,M,2008-M08,109.1
JPN,XDC_USD,EOP_RT,M,2008-M09,104.3
JPN,XDC_USD,EOP_RT,M,2008-M10,98.3
JPN,XDC_USD,EOP_RT,M,2008-M11,95.25
JPN,XDC_USD,EOP_RT,M,2008-M12,90.75
JPN,XDC_USD,EOP_RT,M,2009-M01,89.6
JPN,XDC_USD,EOP_RT,M,2009-M02,97.55
JPN,XDC_USD,EOP_RT,M,2009-M03,98.1
JPN,XDC_USD,EOP_RT,M,2009-M04,97.6
JPN,XDC_USD,EOP_RT,M,2009-M05,96.5
JPN,XDC_USD,EOP_RT,M,2009-M06,95.95
JPN,XDC_USD,EOP_RT,M,2009-M07,95.33
JPN,XDC_USD,EOP_RT,M,2009-M08,92.7
JPN,XDC_USD,EOP_RT,M,2009-M09,89.77
JPN,XDC_USD,EOP_RT,M,2009-M10,91.38
JPN,XDC_USD,EOP_RT,M,2009-M11,86.75
JPN,XDC_USD,EOP_RT,M,2009-M12,92.06
JPN,XDC_USD,EOP_RT,M,2010-M01,89.85
JPN,XDC_USD,EOP_RT,M,2010-M02,89.25
JPN,XDC_USD,EOP_RT,M,2010-M03,93.25
JPN,XDC_USD,EOP_RT,M,2010-M04,94.06
JPN,XDC_USD,EOP_RT,M,2010-M05,91.3
JPN,XDC_USD,EOP_RT,M,2010-M06,88.6
JPN,XDC_USD,EOP_RT,M,2010-M07,86.5
JPN,XDC_USD,EOP_RT,M,2010-M08,84.25
JPN,XDC_USD,EOP_RT,M,2010-M09,83.4
JPN,XDC_USD,EOP_RT,M,2010-M10,80.58
JPN,XDC_USD,EOP_RT,M,2010-M11,84.15
JPN,XDC_USD,EOP_RT,M,2010-M12,81.45
JPN,XDC_USD,EOP_RT,M,2011-M01,82.05
JPN,XDC_USD,EOP_RT,M,2011-M02,81.7
JPN,XDC_USD,EOP_RT,M,2011-M03,83.13
JPN,XDC_USD,EOP_RT,M,2011-M04,82.06
JPN,XDC_USD,EOP_RT,M,2011-M05,80.85
JPN,XDC_USD,EOP_RT,M,2011-M06,80.72
JPN,XDC_USD,EOP_RT,M,2011-M07,77.55
JPN,XDC_USD,EOP_RT,M,2011-M08,76.59
JPN,XDC_USD,EOP_RT,M,2011-M09,76.63
JPN,XDC_USD,EOP_RT,M,2011-M10,79.2
JPN,XDC_USD,EOP_RT,M,2011-M11,78.05
JPN,XDC_USD,EOP_RT,M,2011-M12,77.72
JPN,XDC_USD,EOP_RT,M,2012-M01,76.36
JPN,XDC_USD,EOP_RT,M,2012-M02,80.65
JPN,XDC_USD,EOP_RT,M,2012-M03,82.15
JPN,XDC_USD,EOP_RT,M,2012-M04,81.15
JPN,XDC_USD,EOP_RT,M,2012-M05,78.8
JPN,XDC_USD,EOP_RT,M,2012-M06,79.3
JPN,XDC_USD,EOP_RT,M,2012-M07,78.15
JPN,XDC_USD,EOP_RT,M,2012-M08,78.45
JPN,XDC_USD,EOP_RT,M,2012-M09,77.57
JPN,XDC_USD,EOP_RT,M,2012-M10,79.64
JPN,XDC_USD,EOP_RT,M,2012-M11,82.45
JPN,XDC_USD,EOP_RT,M,2012-M12,86.55
JPN,XDC_USD,EOP_RT,M,2013-M01,91.07
JPN,XDC_USD,EOP_RT,M,2013-M02,92.48
JPN,XDC_USD,EOP_RT,M,2013-M03,94.15
JPN,XDC_USD,EOP_RT,M,2013-M04,98.8
JPN,XDC_USD,EOP_RT,M,2013-M05,101.03
JPN,XDC_USD,EOP_RT,M,2013-M06,98.14
JPN,XDC_USD,EOP_RT,M,2013-M07,98.12
JPN,XDC_USD,EOP_RT,M,2013-M08,98.33
JPN,XDC_USD,EOP_RT,M,2013-M09,97.75
JPN,XDC_USD,EOP_RT,M,2013-M10,98.2
JPN,XDC_USD,EOP_RT,M,2013-M11,101.37
JPN,XDC_USD,EOP_RT,M,2013-M12,105.3
JPN,XDC_USD,EOP_RT,M,2014-M01,102.82
JPN,XDC_USD,EOP_RT,M,2014-M02,101.8
JPN,XDC_USD,EOP_RT,M,2014-M03,102.85
JPN,XDC_USD,EOP_RT,M,2014-M04,102.58
JPN,XDC_USD,EOP_RT,M,2014-M05,101.92
JPN,XDC_USD,EOP_RT,M,2014-M06,101.3
JPN,XDC_USD,EOP_RT,M,2014-M07,102.78
JPN,XDC_USD,EOP_RT,M,2014-M08,103.71
JPN,XDC_USD,EOP_RT,M,2014-M09,109.37
JPN,XDC_USD,EOP_RT,M,2014-M10,110.57
JPN,XDC_USD,EOP_RT,M,2014-M11,118.21
JPN,XDC_USD,EOP_RT,M,2014-M12,120.64
JPN,XDC_USD,EOP_RT,M,2015-M01,118.22
JPN,XDC_USD,EOP_RT,M,2015-M02,119.26
JPN,XDC_USD,EOP_RT,M,2015-M03,120.11
JPN,XDC_USD,EOP_RT,M,2015-M04,118.51
JPN,XDC_USD,EOP_RT,M,2015-M05,123.75
JPN,XDC_USD,EOP_RT,M,2015-M06,122.45
JPN,XDC_USD,EOP_RT,M,2015-M07,123.97
JPN,XDC_USD,EOP_RT,M,2015-M08,121.2
JPN,XDC_USD,EOP_RT,M,2015-M09,119.95
JPN,XDC_USD,EOP_RT,M,2015-M10,120.87
JPN,XDC_USD,EOP_RT,M,2015-M11,122.8
JPN,XDC_USD,EOP_RT,M,2015-M12,120.5
JPN,XDC_USD,EOP_RT,M,2016-M01,121
JPN,XDC_USD,EOP_RT,M,2016-M02,113.4
JPN,XDC_USD,EOP_RT,M,2016-M03,112.63
JPN,XDC_USD,EOP_RT,M,2016-M04,111.74
JPN,XDC_USD,EOP_RT,M,2016-M05,111.09
JPN,XDC_USD,EOP_RT,M,2016-M06,102.9
JPN,XDC_USD,EOP_RT,M,2016-M07,104
JPN,XDC_USD,EOP_RT,M,2016-M08,102.96
JPN,XDC_USD,EOP_RT,M,2016-M09,101.08
JPN,XDC_USD,EOP_RT,M,2016-M10,104.8
JPN,XDC_USD,EOP_RT,M,2016-M11,112.39
JPN,XDC_USD,EOP_RT,M,2016-M12,116.8
JPN,XDC_USD,EOP_RT,M,2017-M01,113.6
JPN,XDC_USD,EOP_RT,M,2017-M02,112.55
JPN,XDC_USD,EOP_RT,M,2017-M03,112.05
JPN,XDC_USD,EOP_RT,M,2017-M04,111.25
JPN,XDC_USD,EOP_RT,M,2017-M05,110.95
JPN,XDC_USD,EOP_RT,M,2017-M06,111.94
JPN,XDC_USD,EOP_RT,M,2017-M07,110.55
JPN,XDC_USD,EOP_RT,M,2017-M08,110.5
JPN,XDC_USD,EOP_RT,M,2017-M09,112.66
JPN,XDC_USD,EOP_RT,M,2017-M10,113.15
JPN,XDC_USD,EOP_RT,M,2017-M11,112
JPN,XDC_USD,EOP_RT,M,2017-M12,112.9
JPN,XDC_USD,EOP_RT,M,2018-M01,108.84
JPN,XDC_USD,EOP_RT,M,2018-M02,107.32
JPN,XDC_USD,EOP_RT,M,2018-M03,106.19
JPN,XDC_USD,EOP_RT,M,2018-M04,109.31
JPN,XDC_USD,EOP_RT,M,2018-M05,108.66
JPN,XDC_USD,EOP_RT,M,2018-M06,110.45
JPN,XDC_USD,EOP_RT,M,2018-M07,110.97
JPN,XDC_USD,EOP_RT,M,2018-M08,111
JPN,XDC_USD,EOP_RT,M,2018-M09,113.47
JPN,XDC_USD,EOP_RT,M,2018-M10,113.24
JPN,XDC_USD,EOP_RT,M,2018-M11,113.43
JPN,XDC_USD,EOP_RT,M,2018-M12,110.83
JPN,XDC_USD,EOP_RT,M,2019-M01,108.92
JPN,XDC_USD,EOP_RT,M,2019-M02,110.89
JPN,XDC_USD,EOP_RT,M,2019-M03,110.92
JPN,XDC_USD,EOP_RT,M,2019-M04,111.7
JPN,XDC_USD,EOP_RT,M,2019-M05,109.33
JPN,XDC_USD,EOP_RT,M,2019-M06,107.68
JPN,XDC_USD,EOP_RT,M,2019-M07,108.56
JPN,XDC_USD,EOP_RT,M,2019-M08,106.43
JPN,XDC_USD,EOP_RT,M,2019-M09,107.95
JPN,XDC_USD,EOP_RT,M,2019-M10,108.83
JPN,XDC_USD,EOP_RT,M,2019-M11,109.11
JPN,XDC_USD,EOP_RT,M,2019-M12,109.12
JPN,XDC_USD,EOP_RT,M,2020-M01,109.03
JPN,XDC_USD,EOP_RT,M,2020-M02,109.4
JPN,XDC_USD,EOP_RT,M,2020-M03,108.7
JPN,XDC_USD,EOP_RT,M,2020-M04,106.58
JPN,XDC_USD,EOP_RT,M,2020-M05,107.14
JPN,XDC_USD,EOP_RT,M,2020-M06,107.72
JPN,XDC_USD,EOP_RT,M,2020-M07,104.55
JPN,XDC_USD,EOP_RT,M,2020-M08,105.37
JPN,XDC_USD,EOP_RT,M,2020-M09,105.79
JPN,XDC_USD,EOP_RT,M,2020-M10,104.58
JPN,XDC_USD,EOP_RT,M,2020-M11,103.87
JPN,XDC_USD,EOP_RT,M,2020-M12,103.63
JPN,XDC_USD,EOP_RT,M,2021-M01,104.48
JPN,XDC_USD,EOP_RT,M,2021-M02,106.23
JPN,XDC_USD,EOP_RT,M,2021-M03,110.7
JPN,XDC_USD,EOP_RT,M,2021-M04,108.95
JPN,XDC_USD,EOP_RT,M,2021-M05,109.2
JPN,XDC_USD,EOP_RT,M,2021-M06,110.5
JPN,XDC_USD,EOP_RT,M,2021-M07,109.5
JPN,XDC_USD,EOP_RT,M,2021-M08,109.87
JPN,XDC_USD,EOP_RT,M,2021-M09,111.91
JPN,XDC_USD,EOP_RT,M,2021-M10,113.65
JPN,XDC_USD,EOP_RT,M,2021-M11,113.8
JPN,XDC_USD,EOP_RT,M,2021-M12,114.21
JPN,XDC_USD,EOP_RT,M,2022-M01,115.43
JPN,XDC_USD,EOP_RT,M,2022-M02,115.55
JPN,XDC_USD,EOP_RT,M,2022-M03,122.4
JPN,XDC_USD,EOP_RT,M,2022-M04,129.9
JPN,XDC_USD,EOP_RT,M,2022-M05,128.2
JPN,XDC_USD,EOP_RT,M,2022-M06,136.63
JPN,XDC_USD,EOP_RT,M,2022-M07,133
JPN,XDC_USD,EOP_RT,M,2022-M08,138.61
JPN,XDC_USD,EOP_RT,M,2022-M09,144.74
JPN,XDC_USD,EOP_RT,M,2022-M10,148.24
JPN,XDC_USD,EOP_RT,M,2022-M11,138.8
JPN,XDC_USD,EOP_RT,M,2022-M12,132.65
JPN,XDC_USD,EOP_RT,M,2023-M01,130.41
JPN,XDC_USD,EOP_RT,M,2023-M02,136.29
JPN,XDC_USD,EOP_RT,M,2023-M03,133.48
JPN,XDC_USD,EOP_RT,M,2023-M04,134.05
JPN,XDC_USD,EOP_RT,M,2023-M05,139.8
JPN,XDC_USD,EOP_RT,M,2023-M06,144.88
JPN,XDC_USD,EOP_RT,M,2023-M07,140.92
JPN,XDC_USD,EOP_RT,M,2023-M08,146.07
JPN,XDC_USD,EOP_RT,M,2023-M09,149.44
JPN,XDC_USD,EOP_RT,M,2023-M10,149.45
JPN,XDC_USD,EOP_RT,M,2023-M11,146.98
JPN,XDC_USD,EOP_RT,M,2023-M12,141.91
JPN,XDC_USD,EOP_RT,M,2024-M01,147.5
JPN,XDC_USD,EOP_RT,M,2024-M02,150.6
JPN,XDC_USD,EOP_RT,M,2024-M03,151.25
JPN,XDC_USD,EOP_RT,M,2024-M04,156.82
JPN,XDC_USD,EOP_RT,M,2024-M05,156.65
JPN,XDC_USD,EOP_RT,M,2024-M06,160.95
JPN,XDC_USD,EOP_RT,M,2024-M07,152.4
JPN,XDC_USD,EOP_RT,M,2024-M08,144.76
JPN,XDC_USD,EOP_RT,M,2024-M09,142.65
JPN,XDC_USD,EOP_RT,M,2024-M10,153.5
JPN,XDC_USD,EOP_RT,M,2024-M11,152.85
JPN,XDC_USD,EOP_RT,M,2024-M12,156.65
JPN,XDC_USD,EOP_RT,M,2025-M01,154.33
JPN,XDC_USD,EOP_RT,M,2025-M02,149.62
JPN,XDC_USD,EOP_RT,M,2025-M03,149.48
JPN,XDC_USD,EOP_RT,M,2025-M04,142.52
JPN,XDC_USD,EOP_RT,M,2025-M05,143.88
JPN,XDC_USD,EOP_RT,M,2025-M06,144.74
JPN,XDC_USD,EOP_RT,M,2025-M07,149.33
JPN,XDC_USD,EOP_RT,M,2025-M08,146.85
JPN,XDC_USD,EOP_RT,M,2025-M09,148.83
JPN,XDC_USD,EOP_RT,M,2025-M10,153.98
JPN,XDC_USD,EOP_RT,M,2025-M11,156.35
JPN,XDC_USD,EOP_RT,M,2025-M12,156.3
JPN,XDC_USD,EOP_RT,M,2026-M01,153.6
JPN,XDC_USD,EOP_RT,M,2026-M02,155.76
JPN,XDC_USD,EOP_RT,M,2026-M03,159.8
JPN,XDC_USD,EOP_RT,M,2026-M04,160.27
JPN,XDC_USD,EOP_RT,M,2026-M05,159.3
JPN,XDC_USD,EOP_RT,M,2026-M06,162.2
